filename,label
0017_fake.mp4.mp4,0.672884524
0045.mp4.mp4,0.813605189
0048_fake.mp4.mp4,0.959384322
28__talking_angry_couch.mp4.mp4,0.329720676
aajsqyyjni.mp4,0.046807468
anndvqgoko.mp4,0.031538725
azlfodrdst.mp4,0.597206593
knqhpwoigk.mp4,0.122271895
sample_1.mp4,0.916831732
sample_2.mp4,0.261753023
sample_3.mp4,0.015182734
sample_4.mp4,0.008857787
