filename,label
sample_1.mp4,0.9376298785209656
sample_2.mp4,0.9241418838500977
sample_3.mp4,0.939147412776947
